"GEO_ID","B19013_001E","B19013_001M","NAME"
"id","Estimate!!Median household income in the past 12 months (in 2010 inflation-adjusted dollars)","Margin of Error!!Median household income in the past 12 months (in 2010 inflation-adjusted dollars)","Geographic Area Name"
"1400000US25009201100","81831","16694","Census Tract 2011, Essex County, Massachusetts"
"1400000US25009202101","106276","22899","Census Tract 2021.01, Essex County, Massachusetts"
"1400000US25009202102","69647","12669","Census Tract 2021.02, Essex County, Massachusetts"
"1400000US25009202200","105909","14131","Census Tract 2022, Essex County, Massachusetts"
"1400000US25009203100","115000","15392","Census Tract 2031, Essex County, Massachusetts"
"1400000US25009203200","102321","4249","Census Tract 2032, Essex County, Massachusetts"
"1400000US25009203301","73674","8922","Census Tract 2033.01, Essex County, Massachusetts"
"1400000US25009203302","80148","12418","Census Tract 2033.02, Essex County, Massachusetts"
"1400000US25009204101","57564","6996","Census Tract 2041.01, Essex County, Massachusetts"
"1400000US25009204102","69913","8904","Census Tract 2041.02, Essex County, Massachusetts"
"1400000US25009204200","42717","12682","Census Tract 2042, Essex County, Massachusetts"
"1400000US25009204300","37569","8131","Census Tract 2043, Essex County, Massachusetts"
"1400000US25009204400","56552","11788","Census Tract 2044, Essex County, Massachusetts"
"1400000US25009204500","63578","6411","Census Tract 2045, Essex County, Massachusetts"
"1400000US25009204600","62606","7670","Census Tract 2046, Essex County, Massachusetts"
"1400000US25009204701","58066","8023","Census Tract 2047.01, Essex County, Massachusetts"
"1400000US25009204702","65922","9036","Census Tract 2047.02, Essex County, Massachusetts"
"1400000US25009205100","63144","21585","Census Tract 2051, Essex County, Massachusetts"
"1400000US25009205200","67813","10213","Census Tract 2052, Essex County, Massachusetts"
"1400000US25009205300","71472","7406","Census Tract 2053, Essex County, Massachusetts"
"1400000US25009205400","93125","18112","Census Tract 2054, Essex County, Massachusetts"
"1400000US25009205500","47656","4878","Census Tract 2055, Essex County, Massachusetts"
"1400000US25009205600","44440","8905","Census Tract 2056, Essex County, Massachusetts"
"1400000US25009205700","60216","6992","Census Tract 2057, Essex County, Massachusetts"
"1400000US25009205800","45402","11447","Census Tract 2058, Essex County, Massachusetts"
"1400000US25009205900","42061","4432","Census Tract 2059, Essex County, Massachusetts"
"1400000US25009206000","34332","4902","Census Tract 2060, Essex County, Massachusetts"
"1400000US25009206100","29157","5350","Census Tract 2061, Essex County, Massachusetts"
"1400000US25009206200","37041","6723","Census Tract 2062, Essex County, Massachusetts"
"1400000US25009206300","32422","8399","Census Tract 2063, Essex County, Massachusetts"
"1400000US25009206400","50472","9455","Census Tract 2064, Essex County, Massachusetts"
"1400000US25009206500","41328","15976","Census Tract 2065, Essex County, Massachusetts"
"1400000US25009206600","43785","6679","Census Tract 2066, Essex County, Massachusetts"
"1400000US25009206700","34738","7619","Census Tract 2067, Essex County, Massachusetts"
"1400000US25009206800","15601","2379","Census Tract 2068, Essex County, Massachusetts"
"1400000US25009206900","19035","3476","Census Tract 2069, Essex County, Massachusetts"
"1400000US25009207000","20585","4068","Census Tract 2070, Essex County, Massachusetts"
"1400000US25009207100","29833","6908","Census Tract 2071, Essex County, Massachusetts"
"1400000US25009207200","23632","7788","Census Tract 2072, Essex County, Massachusetts"
"1400000US25009208101","64162","12892","Census Tract 2081.01, Essex County, Massachusetts"
"1400000US25009208102","72457","12328","Census Tract 2081.02, Essex County, Massachusetts"
"1400000US25009208200","50577","16742","Census Tract 2082, Essex County, Massachusetts"
"1400000US25009208300","75996","14252","Census Tract 2083, Essex County, Massachusetts"
"1400000US25009208400","82964","10500","Census Tract 2084, Essex County, Massachusetts"
"1400000US25009209100","81481","10110","Census Tract 2091, Essex County, Massachusetts"
"1400000US25009209200","101250","25819","Census Tract 2092, Essex County, Massachusetts"
"1400000US25009210100","84588","7996","Census Tract 2101, Essex County, Massachusetts"
"1400000US25009210200","87923","16624","Census Tract 2102, Essex County, Massachusetts"
"1400000US25009210300","54684","9620","Census Tract 2103, Essex County, Massachusetts"
"1400000US25009210400","75426","11885","Census Tract 2104, Essex County, Massachusetts"
"1400000US25009210500","73232","3373","Census Tract 2105, Essex County, Massachusetts"
"1400000US25009210600","61480","8874","Census Tract 2106, Essex County, Massachusetts"
"1400000US25009210700","50938","3936","Census Tract 2107, Essex County, Massachusetts"
"1400000US25009210800","37313","7706","Census Tract 2108, Essex County, Massachusetts"
"1400000US25009210900","54205","7782","Census Tract 2109, Essex County, Massachusetts"
"1400000US25009211100","60849","4817","Census Tract 2111, Essex County, Massachusetts"
"1400000US25009211200","67800","9509","Census Tract 2112, Essex County, Massachusetts"
"1400000US25009211300","92428","15933","Census Tract 2113, Essex County, Massachusetts"
"1400000US25009211401","68224","7921","Census Tract 2114.01, Essex County, Massachusetts"
"1400000US25009211402","81693","8173","Census Tract 2114.02, Essex County, Massachusetts"
"1400000US25009212100","87728","8613","Census Tract 2121, Essex County, Massachusetts"
"1400000US25009213100","143045","25757","Census Tract 2131, Essex County, Massachusetts"
"1400000US25009214100","115015","11159","Census Tract 2141, Essex County, Massachusetts"
"1400000US25009215101","103354","16059","Census Tract 2151.01, Essex County, Massachusetts"
"1400000US25009215102","86927","21519","Census Tract 2151.02, Essex County, Massachusetts"
"1400000US25009216100","132697","16179","Census Tract 2161, Essex County, Massachusetts"
"1400000US25009217100","74068","7082","Census Tract 2171, Essex County, Massachusetts"
"1400000US25009217201","59292","8382","Census Tract 2172.01, Essex County, Massachusetts"
"1400000US25009217202","74133","14616","Census Tract 2172.02, Essex County, Massachusetts"
"1400000US25009217300","46319","8975","Census Tract 2173, Essex County, Massachusetts"
"1400000US25009217400","54287","4244","Census Tract 2174, Essex County, Massachusetts"
"1400000US25009217500","77364","13652","Census Tract 2175, Essex County, Massachusetts"
"1400000US25009217600","95625","8114","Census Tract 2176, Essex County, Massachusetts"
"1400000US25009218100","105000","16379","Census Tract 2181, Essex County, Massachusetts"
"1400000US25009220101","67478","10968","Census Tract 2201.01, Essex County, Massachusetts"
"1400000US25009220102","82826","21759","Census Tract 2201.02, Essex County, Massachusetts"
"1400000US25009221100","87813","9307","Census Tract 2211, Essex County, Massachusetts"
"1400000US25009221300","70431","11922","Census Tract 2213, Essex County, Massachusetts"
"1400000US25009221400","60299","6247","Census Tract 2214, Essex County, Massachusetts"
"1400000US25009221500","39262","6234","Census Tract 2215, Essex County, Massachusetts"
"1400000US25009221600","34085","9990","Census Tract 2216, Essex County, Massachusetts"
"1400000US25009221700","41346","7717","Census Tract 2217, Essex County, Massachusetts"
"1400000US25009221800","78542","19548","Census Tract 2218, Essex County, Massachusetts"
"1400000US25009221901","68702","15865","Census Tract 2219.01, Essex County, Massachusetts"
"1400000US25009221902","75403","9061","Census Tract 2219.02, Essex County, Massachusetts"
"1400000US25009222100","76989","10722","Census Tract 2221, Essex County, Massachusetts"
"1400000US25009223100","72074","11901","Census Tract 2231, Essex County, Massachusetts"
"1400000US25009223200","63297","7757","Census Tract 2232, Essex County, Massachusetts"
"1400000US25009223300","103952","24372","Census Tract 2233, Essex County, Massachusetts"
"1400000US25009250100","13545","2129","Census Tract 2501, Essex County, Massachusetts"
"1400000US25009250200","45426","10498","Census Tract 2502, Essex County, Massachusetts"
"1400000US25009250300","32209","27310","Census Tract 2503, Essex County, Massachusetts"
"1400000US25009250400","22761","5803","Census Tract 2504, Essex County, Massachusetts"
"1400000US25009250500","40869","8395","Census Tract 2505, Essex County, Massachusetts"
"1400000US25009250600","45787","14834","Census Tract 2506, Essex County, Massachusetts"
"1400000US25009250700","28815","5061","Census Tract 2507, Essex County, Massachusetts"
"1400000US25009250800","40355","11003","Census Tract 2508, Essex County, Massachusetts"
"1400000US25009250900","25679","8786","Census Tract 2509, Essex County, Massachusetts"
"1400000US25009251000","21902","7907","Census Tract 2510, Essex County, Massachusetts"
"1400000US25009251100","15059","1839","Census Tract 2511, Essex County, Massachusetts"
"1400000US25009251200","19406","11073","Census Tract 2512, Essex County, Massachusetts"
"1400000US25009251300","15394","4692","Census Tract 2513, Essex County, Massachusetts"
"1400000US25009251400","40909","11594","Census Tract 2514, Essex County, Massachusetts"
"1400000US25009251500","38221","8434","Census Tract 2515, Essex County, Massachusetts"
"1400000US25009251600","29750","7878","Census Tract 2516, Essex County, Massachusetts"
"1400000US25009251700","46233","10167","Census Tract 2517, Essex County, Massachusetts"
"1400000US25009251800","54845","6095","Census Tract 2518, Essex County, Massachusetts"
"1400000US25009252101","55765","13120","Census Tract 2521.01, Essex County, Massachusetts"
"1400000US25009252102","84741","18922","Census Tract 2521.02, Essex County, Massachusetts"
"1400000US25009252201","67188","12160","Census Tract 2522.01, Essex County, Massachusetts"
"1400000US25009252202","107695","11557","Census Tract 2522.02, Essex County, Massachusetts"
"1400000US25009252300","43363","5692","Census Tract 2523, Essex County, Massachusetts"
"1400000US25009252400","41657","7418","Census Tract 2524, Essex County, Massachusetts"
"1400000US25009252501","53496","10466","Census Tract 2525.01, Essex County, Massachusetts"
"1400000US25009252502","62407","10231","Census Tract 2525.02, Essex County, Massachusetts"
"1400000US25009252601","64620","12976","Census Tract 2526.01, Essex County, Massachusetts"
"1400000US25009252602","86118","14554","Census Tract 2526.02, Essex County, Massachusetts"
"1400000US25009252603","89545","24477","Census Tract 2526.03, Essex County, Massachusetts"
"1400000US25009253100","53430","4831","Census Tract 2531, Essex County, Massachusetts"
"1400000US25009253201","70137","5381","Census Tract 2532.01, Essex County, Massachusetts"
"1400000US25009253202","77383","9603","Census Tract 2532.02, Essex County, Massachusetts"
"1400000US25009253203","126964","11508","Census Tract 2532.03, Essex County, Massachusetts"
"1400000US25009253204","142188","25715","Census Tract 2532.04, Essex County, Massachusetts"
"1400000US25009253205","147813","24430","Census Tract 2532.05, Essex County, Massachusetts"
"1400000US25009254100","74688","12855","Census Tract 2541, Essex County, Massachusetts"
"1400000US25009254200","71494","14655","Census Tract 2542, Essex County, Massachusetts"
"1400000US25009254301","126795","20702","Census Tract 2543.01, Essex County, Massachusetts"
"1400000US25009254302","140469","11458","Census Tract 2543.02, Essex County, Massachusetts"
"1400000US25009254401","121989","14647","Census Tract 2544.01, Essex County, Massachusetts"
"1400000US25009254402","131797","25675","Census Tract 2544.02, Essex County, Massachusetts"
"1400000US25009254403","136659","9108","Census Tract 2544.03, Essex County, Massachusetts"
"1400000US25009260100","30659","6649","Census Tract 2601, Essex County, Massachusetts"
"1400000US25009260200","32245","2682","Census Tract 2602, Essex County, Massachusetts"
"1400000US25009260301","70444","9756","Census Tract 2603.01, Essex County, Massachusetts"
"1400000US25009260302","78808","14467","Census Tract 2603.02, Essex County, Massachusetts"
"1400000US25009260401","85855","20629","Census Tract 2604.01, Essex County, Massachusetts"
"1400000US25009260402","84233","8686","Census Tract 2604.02, Essex County, Massachusetts"
"1400000US25009260500","91294","9103","Census Tract 2605, Essex County, Massachusetts"
"1400000US25009260600","56458","7699","Census Tract 2606, Essex County, Massachusetts"
"1400000US25009260700","55096","11441","Census Tract 2607, Essex County, Massachusetts"
"1400000US25009260800","38987","8586","Census Tract 2608, Essex County, Massachusetts"
"1400000US25009260900","44292","7755","Census Tract 2609, Essex County, Massachusetts"
"1400000US25009261000","55284","9648","Census Tract 2610, Essex County, Massachusetts"
"1400000US25009261101","106071","6745","Census Tract 2611.01, Essex County, Massachusetts"
"1400000US25009261102","66189","6173","Census Tract 2611.02, Essex County, Massachusetts"
"1400000US25009262100","75517","4959","Census Tract 2621, Essex County, Massachusetts"
"1400000US25009263100","111739","19491","Census Tract 2631, Essex County, Massachusetts"
"1400000US25009264100","84232","6083","Census Tract 2641, Essex County, Massachusetts"
"1400000US25009265101","86786","21933","Census Tract 2651.01, Essex County, Massachusetts"
"1400000US25009265102","108190","7342","Census Tract 2651.02, Essex County, Massachusetts"
"1400000US25009266100","88824","8833","Census Tract 2661, Essex County, Massachusetts"
"1400000US25009266200","64179","11512","Census Tract 2662, Essex County, Massachusetts"
"1400000US25009266300","74730","7014","Census Tract 2663, Essex County, Massachusetts"
"1400000US25009266400","71200","9540","Census Tract 2664, Essex County, Massachusetts"
"1400000US25009267101","62311","11639","Census Tract 2671.01, Essex County, Massachusetts"
"1400000US25009267102","63347","10288","Census Tract 2671.02, Essex County, Massachusetts"
"1400000US25009268100","108102","9120","Census Tract 2681, Essex County, Massachusetts"
"1400000US25009268200","81225","14529","Census Tract 2682, Essex County, Massachusetts"
"1400000US25009268300","64290","9783","Census Tract 2683, Essex County, Massachusetts"
"1400000US25009268400","64259","22085","Census Tract 2684, Essex County, Massachusetts"
"1400000US25009269100","91052","11233","Census Tract 2691, Essex County, Massachusetts"
"1400000US25009270100","74911","10444","Census Tract 2701, Essex County, Massachusetts"
"1400000US25009990100","-","**","Census Tract 9901, Essex County, Massachusetts"
"1400000US25017300100","80143","9661","Census Tract 3001, Middlesex County, Massachusetts"
"1400000US25017301101","68940","7912","Census Tract 3011.01, Middlesex County, Massachusetts"
"1400000US25017301102","85313","7925","Census Tract 3011.02, Middlesex County, Massachusetts"
"1400000US25017310100","32190","7570","Census Tract 3101, Middlesex County, Massachusetts"
"1400000US25017310200","65290","9184","Census Tract 3102, Middlesex County, Massachusetts"
"1400000US25017310300","47344","14854","Census Tract 3103, Middlesex County, Massachusetts"
"1400000US25017310400","46793","5351","Census Tract 3104, Middlesex County, Massachusetts"
"1400000US25017310500","56328","9093","Census Tract 3105, Middlesex County, Massachusetts"
"1400000US25017310601","58590","8497","Census Tract 3106.01, Middlesex County, Massachusetts"
"1400000US25017310602","54764","7071","Census Tract 3106.02, Middlesex County, Massachusetts"
"1400000US25017310700","43214","19731","Census Tract 3107, Middlesex County, Massachusetts"
"1400000US25017311100","35151","8018","Census Tract 3111, Middlesex County, Massachusetts"
"1400000US25017311200","42899","4695","Census Tract 3112, Middlesex County, Massachusetts"
"1400000US25017311300","54764","12072","Census Tract 3113, Middlesex County, Massachusetts"
"1400000US25017311400","46250","9600","Census Tract 3114, Middlesex County, Massachusetts"
"1400000US25017311500","49863","12512","Census Tract 3115, Middlesex County, Massachusetts"
"1400000US25017311600","63750","16822","Census Tract 3116, Middlesex County, Massachusetts"
"1400000US25017311700","56869","6177","Census Tract 3117, Middlesex County, Massachusetts"
"1400000US25017311800","43250","14670","Census Tract 3118, Middlesex County, Massachusetts"
"1400000US25017311900","25163","9307","Census Tract 3119, Middlesex County, Massachusetts"
"1400000US25017312000","60691","10789","Census Tract 3120, Middlesex County, Massachusetts"
"1400000US25017312100","44254","5693","Census Tract 3121, Middlesex County, Massachusetts"
"1400000US25017312200","60457","8627","Census Tract 3122, Middlesex County, Massachusetts"
"1400000US25017312300","59211","9067","Census Tract 3123, Middlesex County, Massachusetts"
"1400000US25017312400","30583","9116","Census Tract 3124, Middlesex County, Massachusetts"
"1400000US25017312501","80179","6383","Census Tract 3125.01, Middlesex County, Massachusetts"
"1400000US25017312502","74861","14480","Census Tract 3125.02, Middlesex County, Massachusetts"
"1400000US25017313101","106111","6598","Census Tract 3131.01, Middlesex County, Massachusetts"
"1400000US25017313102","81156","16771","Census Tract 3131.02, Middlesex County, Massachusetts"
"1400000US25017314101","67572","9145","Census Tract 3141.01, Middlesex County, Massachusetts"
"1400000US25017314102","63404","8443","Census Tract 3141.02, Middlesex County, Massachusetts"
"1400000US25017314200","67784","4069","Census Tract 3142, Middlesex County, Massachusetts"
"1400000US25017314301","75605","7893","Census Tract 3143.01, Middlesex County, Massachusetts"
"1400000US25017314302","99615","8052","Census Tract 3143.02, Middlesex County, Massachusetts"
"1400000US25017315100","98234","13128","Census Tract 3151, Middlesex County, Massachusetts"
"1400000US25017315200","73466","12624","Census Tract 3152, Middlesex County, Massachusetts"
"1400000US25017315401","65565","9647","Census Tract 3154.01, Middlesex County, Massachusetts"
"1400000US25017315402","106382","14333","Census Tract 3154.02, Middlesex County, Massachusetts"
"1400000US25017315403","74224","48677","Census Tract 3154.03, Middlesex County, Massachusetts"
"1400000US25017315500","86296","10203","Census Tract 3155, Middlesex County, Massachusetts"
"1400000US25017316101","93291","10044","Census Tract 3161.01, Middlesex County, Massachusetts"
"1400000US25017316102","86514","8581","Census Tract 3161.02, Middlesex County, Massachusetts"
"1400000US25017316201","90143","18048","Census Tract 3162.01, Middlesex County, Massachusetts"
"1400000US25017316202","94217","3680","Census Tract 3162.02, Middlesex County, Massachusetts"
"1400000US25017316300","78542","11319","Census Tract 3163, Middlesex County, Massachusetts"
"1400000US25017316400","90375","9252","Census Tract 3164, Middlesex County, Massachusetts"
"1400000US25017316500","84589","8456","Census Tract 3165, Middlesex County, Massachusetts"
"1400000US25017317101","75050","11494","Census Tract 3171.01, Middlesex County, Massachusetts"
"1400000US25017317102","84719","8290","Census Tract 3171.02, Middlesex County, Massachusetts"
"1400000US25017317103","120707","10050","Census Tract 3171.03, Middlesex County, Massachusetts"
"1400000US25017317201","140231","15908","Census Tract 3172.01, Middlesex County, Massachusetts"
"1400000US25017317202","124219","20890","Census Tract 3172.02, Middlesex County, Massachusetts"
"1400000US25017317203","79674","10168","Census Tract 3172.03, Middlesex County, Massachusetts"
"1400000US25017317301","68452","20030","Census Tract 3173.01, Middlesex County, Massachusetts"
"1400000US25017317302","74000","15209","Census Tract 3173.02, Middlesex County, Massachusetts"
"1400000US25017318100","101471","11529","Census Tract 3181, Middlesex County, Massachusetts"
"1400000US25017318200","115029","15213","Census Tract 3182, Middlesex County, Massachusetts"
"1400000US25017318300","135694","9327","Census Tract 3183, Middlesex County, Massachusetts"
"1400000US25017318400","146705","18267","Census Tract 3184, Middlesex County, Massachusetts"
"1400000US25017320102","124107","29744","Census Tract 3201.02, Middlesex County, Massachusetts"
"1400000US25017320103","108346","13859","Census Tract 3201.03, Middlesex County, Massachusetts"
"1400000US25017320104","123537","24705","Census Tract 3201.04, Middlesex County, Massachusetts"
"1400000US25017321100","74650","8618","Census Tract 3211, Middlesex County, Massachusetts"
"1400000US25017321200","65984","13959","Census Tract 3212, Middlesex County, Massachusetts"
"1400000US25017321300","50520","5497","Census Tract 3213, Middlesex County, Massachusetts"
"1400000US25017321400","100455","22032","Census Tract 3214, Middlesex County, Massachusetts"
"1400000US25017321500","72818","12245","Census Tract 3215, Middlesex County, Massachusetts"
"1400000US25017321600","83095","15053","Census Tract 3216, Middlesex County, Massachusetts"
"1400000US25017322100","95087","8777","Census Tract 3221, Middlesex County, Massachusetts"
"1400000US25017322200","83357","8651","Census Tract 3222, Middlesex County, Massachusetts"
"1400000US25017322300","61946","4289","Census Tract 3223, Middlesex County, Massachusetts"
"1400000US25017322400","71341","7335","Census Tract 3224, Middlesex County, Massachusetts"
"1400000US25017323100","117440","24538","Census Tract 3231, Middlesex County, Massachusetts"
"1400000US25017324101","101667","10410","Census Tract 3241.01, Middlesex County, Massachusetts"
"1400000US25017324102","106101","7580","Census Tract 3241.02, Middlesex County, Massachusetts"
"1400000US25017325100","55863","8295","Census Tract 3251, Middlesex County, Massachusetts"
"1400000US25017326101","118080","16663","Census Tract 3261.01, Middlesex County, Massachusetts"
"1400000US25017326102","126167","9935","Census Tract 3261.02, Middlesex County, Massachusetts"
"1400000US25017327101","96719","16631","Census Tract 3271.01, Middlesex County, Massachusetts"
"1400000US25017327102","69716","14016","Census Tract 3271.02, Middlesex County, Massachusetts"
"1400000US25017327103","93625","24580","Census Tract 3271.03, Middlesex County, Massachusetts"
"1400000US25017328100","113594","11028","Census Tract 3281, Middlesex County, Massachusetts"
"1400000US25017330100","106848","7696","Census Tract 3301, Middlesex County, Massachusetts"
"1400000US25017330200","85833","6736","Census Tract 3302, Middlesex County, Massachusetts"
"1400000US25017331101","94111","7222","Census Tract 3311.01, Middlesex County, Massachusetts"
"1400000US25017331102","93412","4512","Census Tract 3311.02, Middlesex County, Massachusetts"
"1400000US25017331200","91827","9769","Census Tract 3312, Middlesex County, Massachusetts"
"1400000US25017331300","105996","7088","Census Tract 3313, Middlesex County, Massachusetts"
"1400000US25017332100","110673","6904","Census Tract 3321, Middlesex County, Massachusetts"
"1400000US25017332200","80048","7452","Census Tract 3322, Middlesex County, Massachusetts"
"1400000US25017332300","81378","11626","Census Tract 3323, Middlesex County, Massachusetts"
"1400000US25017332400","97788","12311","Census Tract 3324, Middlesex County, Massachusetts"
"1400000US25017333100","74911","7182","Census Tract 3331, Middlesex County, Massachusetts"
"1400000US25017333200","76700","5591","Census Tract 3332, Middlesex County, Massachusetts"
"1400000US25017333300","59516","8705","Census Tract 3333, Middlesex County, Massachusetts"
"1400000US25017333400","71307","5542","Census Tract 3334, Middlesex County, Massachusetts"
"1400000US25017333501","82390","6123","Census Tract 3335.01, Middlesex County, Massachusetts"
"1400000US25017333502","57292","10142","Census Tract 3335.02, Middlesex County, Massachusetts"
"1400000US25017333600","71654","13826","Census Tract 3336, Middlesex County, Massachusetts"
"1400000US25017334100","111678","6805","Census Tract 3341, Middlesex County, Massachusetts"
"1400000US25017334200","103424","11289","Census Tract 3342, Middlesex County, Massachusetts"
"1400000US25017334300","117857","13873","Census Tract 3343, Middlesex County, Massachusetts"
"1400000US25017334400","79325","4078","Census Tract 3344, Middlesex County, Massachusetts"
"1400000US25017335100","84783","12238","Census Tract 3351, Middlesex County, Massachusetts"
"1400000US25017335200","92396","16268","Census Tract 3352, Middlesex County, Massachusetts"
"1400000US25017335301","72857","10389","Census Tract 3353.01, Middlesex County, Massachusetts"
"1400000US25017335302","98016","13346","Census Tract 3353.02, Middlesex County, Massachusetts"
"1400000US25017335400","98358","10676","Census Tract 3354, Middlesex County, Massachusetts"
"1400000US25017336100","81352","9041","Census Tract 3361, Middlesex County, Massachusetts"
"1400000US25017336200","104811","10796","Census Tract 3362, Middlesex County, Massachusetts"
"1400000US25017336300","95217","8643","Census Tract 3363, Middlesex County, Massachusetts"
"1400000US25017336401","62143","15512","Census Tract 3364.01, Middlesex County, Massachusetts"
"1400000US25017336402","70053","17756","Census Tract 3364.02, Middlesex County, Massachusetts"
"1400000US25017337101","78975","11748","Census Tract 3371.01, Middlesex County, Massachusetts"
"1400000US25017337102","94511","12425","Census Tract 3371.02, Middlesex County, Massachusetts"
"1400000US25017337201","60020","10535","Census Tract 3372.01, Middlesex County, Massachusetts"
"1400000US25017337202","76364","20000","Census Tract 3372.02, Middlesex County, Massachusetts"
"1400000US25017337300","73750","9209","Census Tract 3373, Middlesex County, Massachusetts"
"1400000US25017338100","125673","19644","Census Tract 3381, Middlesex County, Massachusetts"
"1400000US25017338200","69231","15817","Census Tract 3382, Middlesex County, Massachusetts"
"1400000US25017338300","124432","48771","Census Tract 3383, Middlesex County, Massachusetts"
"1400000US25017338400","160551","11920","Census Tract 3384, Middlesex County, Massachusetts"
"1400000US25017338500","140795","30392","Census Tract 3385, Middlesex County, Massachusetts"
"1400000US25017339100","67421","6143","Census Tract 3391, Middlesex County, Massachusetts"
"1400000US25017339200","88879","12182","Census Tract 3392, Middlesex County, Massachusetts"
"1400000US25017339300","74407","10147","Census Tract 3393, Middlesex County, Massachusetts"
"1400000US25017339400","47464","9359","Census Tract 3394, Middlesex County, Massachusetts"
"1400000US25017339500","80683","9861","Census Tract 3395, Middlesex County, Massachusetts"
"1400000US25017339600","72500","10079","Census Tract 3396, Middlesex County, Massachusetts"
"1400000US25017339700","60000","14217","Census Tract 3397, Middlesex County, Massachusetts"
"1400000US25017339801","80847","9141","Census Tract 3398.01, Middlesex County, Massachusetts"
"1400000US25017339802","50703","9012","Census Tract 3398.02, Middlesex County, Massachusetts"
"1400000US25017339900","54624","8514","Census Tract 3399, Middlesex County, Massachusetts"
"1400000US25017340000","47854","4724","Census Tract 3400, Middlesex County, Massachusetts"
"1400000US25017340100","86263","5053","Census Tract 3401, Middlesex County, Massachusetts"
"1400000US25017341101","70101","18893","Census Tract 3411.01, Middlesex County, Massachusetts"
"1400000US25017341102","47376","7538","Census Tract 3411.02, Middlesex County, Massachusetts"
"1400000US25017341200","48782","12233","Census Tract 3412, Middlesex County, Massachusetts"
"1400000US25017341300","43693","9082","Census Tract 3413, Middlesex County, Massachusetts"
"1400000US25017341400","63156","10479","Census Tract 3414, Middlesex County, Massachusetts"
"1400000US25017341500","56902","10777","Census Tract 3415, Middlesex County, Massachusetts"
"1400000US25017341600","51103","12235","Census Tract 3416, Middlesex County, Massachusetts"
"1400000US25017341700","66808","9204","Census Tract 3417, Middlesex County, Massachusetts"
"1400000US25017341800","50231","13284","Census Tract 3418, Middlesex County, Massachusetts"
"1400000US25017341901","53594","13170","Census Tract 3419.01, Middlesex County, Massachusetts"
"1400000US25017341902","64531","18589","Census Tract 3419.02, Middlesex County, Massachusetts"
"1400000US25017342101","63315","11493","Census Tract 3421.01, Middlesex County, Massachusetts"
"1400000US25017342102","45192","13239","Census Tract 3421.02, Middlesex County, Massachusetts"
"1400000US25017342201","44012","5646","Census Tract 3422.01, Middlesex County, Massachusetts"
"1400000US25017342202","50380","18765","Census Tract 3422.02, Middlesex County, Massachusetts"
"1400000US25017342300","51136","6711","Census Tract 3423, Middlesex County, Massachusetts"
"1400000US25017342400","44327","20151","Census Tract 3424, Middlesex County, Massachusetts"
"1400000US25017342500","46192","6120","Census Tract 3425, Middlesex County, Massachusetts"
"1400000US25017342600","57628","11943","Census Tract 3426, Middlesex County, Massachusetts"
"1400000US25017350103","67500","12275","Census Tract 3501.03, Middlesex County, Massachusetts"
"1400000US25017350104","47231","6162","Census Tract 3501.04, Middlesex County, Massachusetts"
"1400000US25017350200","59978","10995","Census Tract 3502, Middlesex County, Massachusetts"
"1400000US25017350300","71383","7749","Census Tract 3503, Middlesex County, Massachusetts"
"1400000US25017350400","75000","7674","Census Tract 3504, Middlesex County, Massachusetts"
"1400000US25017350500","80050","11543","Census Tract 3505, Middlesex County, Massachusetts"
"1400000US25017350600","76050","22433","Census Tract 3506, Middlesex County, Massachusetts"
"1400000US25017350700","48155","4612","Census Tract 3507, Middlesex County, Massachusetts"
"1400000US25017350800","60647","5117","Census Tract 3508, Middlesex County, Massachusetts"
"1400000US25017350900","76175","7634","Census Tract 3509, Middlesex County, Massachusetts"
"1400000US25017351000","76710","10456","Census Tract 3510, Middlesex County, Massachusetts"
"1400000US25017351100","56187","13824","Census Tract 3511, Middlesex County, Massachusetts"
"1400000US25017351203","79241","5611","Census Tract 3512.03, Middlesex County, Massachusetts"
"1400000US25017351204","74886","16724","Census Tract 3512.04, Middlesex County, Massachusetts"
"1400000US25017351300","56658","7295","Census Tract 3513, Middlesex County, Massachusetts"
"1400000US25017351403","35453","8825","Census Tract 3514.03, Middlesex County, Massachusetts"
"1400000US25017351404","40783","5729","Census Tract 3514.04, Middlesex County, Massachusetts"
"1400000US25017351500","39343","6119","Census Tract 3515, Middlesex County, Massachusetts"
"1400000US25017352101","105264","41883","Census Tract 3521.01, Middlesex County, Massachusetts"
"1400000US25017352102","74185","14479","Census Tract 3521.02, Middlesex County, Massachusetts"
"1400000US25017352200","33583","11179","Census Tract 3522, Middlesex County, Massachusetts"
"1400000US25017352300","60543","28198","Census Tract 3523, Middlesex County, Massachusetts"
"1400000US25017352400","29315","4257","Census Tract 3524, Middlesex County, Massachusetts"
"1400000US25017352500","70408","10658","Census Tract 3525, Middlesex County, Massachusetts"
"1400000US25017352600","56940","11299","Census Tract 3526, Middlesex County, Massachusetts"
"1400000US25017352700","32702","6833","Census Tract 3527, Middlesex County, Massachusetts"
"1400000US25017352800","80256","18926","Census Tract 3528, Middlesex County, Massachusetts"
"1400000US25017352900","71667","19471","Census Tract 3529, Middlesex County, Massachusetts"
"1400000US25017353000","52192","15671","Census Tract 3530, Middlesex County, Massachusetts"
"1400000US25017353101","50714","15598","Census Tract 3531.01, Middlesex County, Massachusetts"
"1400000US25017353102","54914","10882","Census Tract 3531.02, Middlesex County, Massachusetts"
"1400000US25017353200","61590","8294","Census Tract 3532, Middlesex County, Massachusetts"
"1400000US25017353300","94526","19221","Census Tract 3533, Middlesex County, Massachusetts"
"1400000US25017353400","49844","10494","Census Tract 3534, Middlesex County, Massachusetts"
"1400000US25017353500","65577","10947","Census Tract 3535, Middlesex County, Massachusetts"
"1400000US25017353600","60144","12277","Census Tract 3536, Middlesex County, Massachusetts"
"1400000US25017353700","53649","7823","Census Tract 3537, Middlesex County, Massachusetts"
"1400000US25017353800","80620","6890","Census Tract 3538, Middlesex County, Massachusetts"
"1400000US25017353900","38043","11342","Census Tract 3539, Middlesex County, Massachusetts"
"1400000US25017354000","65139","10657","Census Tract 3540, Middlesex County, Massachusetts"
"1400000US25017354100","68160","5440","Census Tract 3541, Middlesex County, Massachusetts"
"1400000US25017354200","132976","19619","Census Tract 3542, Middlesex County, Massachusetts"
"1400000US25017354300","74323","11940","Census Tract 3543, Middlesex County, Massachusetts"
"1400000US25017354400","101406","11729","Census Tract 3544, Middlesex County, Massachusetts"
"1400000US25017354500","79514","27706","Census Tract 3545, Middlesex County, Massachusetts"
"1400000US25017354600","59327","8969","Census Tract 3546, Middlesex County, Massachusetts"
"1400000US25017354700","90238","16165","Census Tract 3547, Middlesex County, Massachusetts"
"1400000US25017354800","86122","16466","Census Tract 3548, Middlesex County, Massachusetts"
"1400000US25017354900","41649","10977","Census Tract 3549, Middlesex County, Massachusetts"
"1400000US25017355000","68409","25520","Census Tract 3550, Middlesex County, Massachusetts"
"1400000US25017356100","85188","13068","Census Tract 3561, Middlesex County, Massachusetts"
"1400000US25017356300","61415","6833","Census Tract 3563, Middlesex County, Massachusetts"
"1400000US25017356400","98720","4035","Census Tract 3564, Middlesex County, Massachusetts"
"1400000US25017356500","92731","13116","Census Tract 3565, Middlesex County, Massachusetts"
"1400000US25017356601","74527","11231","Census Tract 3566.01, Middlesex County, Massachusetts"
"1400000US25017356602","85950","5302","Census Tract 3566.02, Middlesex County, Massachusetts"
"1400000US25017356701","75438","9159","Census Tract 3567.01, Middlesex County, Massachusetts"
"1400000US25017356702","84304","14973","Census Tract 3567.02, Middlesex County, Massachusetts"
"1400000US25017357100","95605","5341","Census Tract 3571, Middlesex County, Massachusetts"
"1400000US25017357200","117083","17757","Census Tract 3572, Middlesex County, Massachusetts"
"1400000US25017357300","82457","13365","Census Tract 3573, Middlesex County, Massachusetts"
"1400000US25017357400","104250","14558","Census Tract 3574, Middlesex County, Massachusetts"
"1400000US25017357500","79348","15291","Census Tract 3575, Middlesex County, Massachusetts"
"1400000US25017357600","92125","19987","Census Tract 3576, Middlesex County, Massachusetts"
"1400000US25017357700","68234","5298","Census Tract 3577, Middlesex County, Massachusetts"
"1400000US25017357800","116976","12682","Census Tract 3578, Middlesex County, Massachusetts"
"1400000US25017358100","131382","16775","Census Tract 3581, Middlesex County, Massachusetts"
"1400000US25017358300","115656","13122","Census Tract 3583, Middlesex County, Massachusetts"
"1400000US25017358400","138750","16314","Census Tract 3584, Middlesex County, Massachusetts"
"1400000US25017358500","152961","21465","Census Tract 3585, Middlesex County, Massachusetts"
"1400000US25017358600","122238","23436","Census Tract 3586, Middlesex County, Massachusetts"
"1400000US25017358700","135234","26216","Census Tract 3587, Middlesex County, Massachusetts"
"1400000US25017359100","104353","22047","Census Tract 3591, Middlesex County, Massachusetts"
"1400000US25017359300","109201","17556","Census Tract 3593, Middlesex County, Massachusetts"
"1400000US25017360100","77083","22071","Census Tract 3601, Middlesex County, Massachusetts"
"1400000US25017360200","143792","25759","Census Tract 3602, Middlesex County, Massachusetts"
"1400000US25017361100","114869","23080","Census Tract 3611, Middlesex County, Massachusetts"
"1400000US25017361200","112845","12733","Census Tract 3612, Middlesex County, Massachusetts"
"1400000US25017361300","131453","10608","Census Tract 3613, Middlesex County, Massachusetts"
"1400000US25017362100","155000","18244","Census Tract 3621, Middlesex County, Massachusetts"
"1400000US25017363102","84559","23777","Census Tract 3631.02, Middlesex County, Massachusetts"
"1400000US25017363103","116033","31860","Census Tract 3631.03, Middlesex County, Massachusetts"
"1400000US25017363104","116538","9912","Census Tract 3631.04, Middlesex County, Massachusetts"
"1400000US25017363201","130238","11152","Census Tract 3632.01, Middlesex County, Massachusetts"
"1400000US25017363202","109205","16077","Census Tract 3632.02, Middlesex County, Massachusetts"
"1400000US25017364101","73205","5296","Census Tract 3641.01, Middlesex County, Massachusetts"
"1400000US25017364102","79569","8701","Census Tract 3641.02, Middlesex County, Massachusetts"
"1400000US25017365100","155568","13365","Census Tract 3651, Middlesex County, Massachusetts"
"1400000US25017365201","158472","12284","Census Tract 3652.01, Middlesex County, Massachusetts"
"1400000US25017365202","140104","15618","Census Tract 3652.02, Middlesex County, Massachusetts"
"1400000US25017366100","98438","9116","Census Tract 3661, Middlesex County, Massachusetts"
"1400000US25017366201","204435","38221","Census Tract 3662.01, Middlesex County, Massachusetts"
"1400000US25017366202","135500","19938","Census Tract 3662.02, Middlesex County, Massachusetts"
"1400000US25017367100","164972","20456","Census Tract 3671, Middlesex County, Massachusetts"
"1400000US25017367200","138750","18115","Census Tract 3672, Middlesex County, Massachusetts"
"1400000US25017368101","78333","16825","Census Tract 3681.01, Middlesex County, Massachusetts"
"1400000US25017368102","90000","11673","Census Tract 3681.02, Middlesex County, Massachusetts"
"1400000US25017368200","89583","25887","Census Tract 3682, Middlesex County, Massachusetts"
"1400000US25017368300","56228","11907","Census Tract 3683, Middlesex County, Massachusetts"
"1400000US25017368400","63125","10351","Census Tract 3684, Middlesex County, Massachusetts"
"1400000US25017368500","44676","11964","Census Tract 3685, Middlesex County, Massachusetts"
"1400000US25017368600","61250","12103","Census Tract 3686, Middlesex County, Massachusetts"
"1400000US25017368700","43036","15847","Census Tract 3687, Middlesex County, Massachusetts"
"1400000US25017368800","61489","7004","Census Tract 3688, Middlesex County, Massachusetts"
"1400000US25017368901","75551","16229","Census Tract 3689.01, Middlesex County, Massachusetts"
"1400000US25017368902","45259","11112","Census Tract 3689.02, Middlesex County, Massachusetts"
"1400000US25017369000","54942","27683","Census Tract 3690, Middlesex County, Massachusetts"
"1400000US25017369100","72724","12449","Census Tract 3691, Middlesex County, Massachusetts"
"1400000US25017370101","72800","12282","Census Tract 3701.01, Middlesex County, Massachusetts"
"1400000US25017370102","67340","7258","Census Tract 3701.02, Middlesex County, Massachusetts"
"1400000US25017370201","87453","18683","Census Tract 3702.01, Middlesex County, Massachusetts"
"1400000US25017370202","85571","8745","Census Tract 3702.02, Middlesex County, Massachusetts"
"1400000US25017370300","62037","11226","Census Tract 3703, Middlesex County, Massachusetts"
"1400000US25017370400","85170","12383","Census Tract 3704, Middlesex County, Massachusetts"
"1400000US25017373100","79205","19944","Census Tract 3731, Middlesex County, Massachusetts"
"1400000US25017373200","60729","11989","Census Tract 3732, Middlesex County, Massachusetts"
"1400000US25017373300","98438","12169","Census Tract 3733, Middlesex County, Massachusetts"
"1400000US25017373400","94750","20606","Census Tract 3734, Middlesex County, Massachusetts"
"1400000US25017373500","140893","25326","Census Tract 3735, Middlesex County, Massachusetts"
"1400000US25017373600","136875","88657","Census Tract 3736, Middlesex County, Massachusetts"
"1400000US25017373700","204156","10252","Census Tract 3737, Middlesex County, Massachusetts"
"1400000US25017373800","100648","21786","Census Tract 3738, Middlesex County, Massachusetts"
"1400000US25017373900","113276","19188","Census Tract 3739, Middlesex County, Massachusetts"
"1400000US25017374000","114081","16754","Census Tract 3740, Middlesex County, Massachusetts"
"1400000US25017374100","77115","18536","Census Tract 3741, Middlesex County, Massachusetts"
"1400000US25017374200","121429","18787","Census Tract 3742, Middlesex County, Massachusetts"
"1400000US25017374300","189265","15296","Census Tract 3743, Middlesex County, Massachusetts"
"1400000US25017374400","142105","38215","Census Tract 3744, Middlesex County, Massachusetts"
"1400000US25017374500","95987","19972","Census Tract 3745, Middlesex County, Massachusetts"
"1400000US25017374600","100106","19874","Census Tract 3746, Middlesex County, Massachusetts"
"1400000US25017374700","107212","16236","Census Tract 3747, Middlesex County, Massachusetts"
"1400000US25017374800","121083","18186","Census Tract 3748, Middlesex County, Massachusetts"
"1400000US25017382100","97234","10870","Census Tract 3821, Middlesex County, Massachusetts"
"1400000US25017382200","93750","12631","Census Tract 3822, Middlesex County, Massachusetts"
"1400000US25017382300","118125","19467","Census Tract 3823, Middlesex County, Massachusetts"
"1400000US25017382400","80843","16902","Census Tract 3824, Middlesex County, Massachusetts"
"1400000US25017382500","79482","10328","Census Tract 3825, Middlesex County, Massachusetts"
"1400000US25017382601","74073","6824","Census Tract 3826.01, Middlesex County, Massachusetts"
"1400000US25017382602","81779","5823","Census Tract 3826.02, Middlesex County, Massachusetts"
"1400000US25017383101","45104","16368","Census Tract 3831.01, Middlesex County, Massachusetts"
"1400000US25017383102","26235","6846","Census Tract 3831.02, Middlesex County, Massachusetts"
"1400000US25017383200","53435","6593","Census Tract 3832, Middlesex County, Massachusetts"
"1400000US25017383300","63291","11178","Census Tract 3833, Middlesex County, Massachusetts"
"1400000US25017383400","55250","9761","Census Tract 3834, Middlesex County, Massachusetts"
"1400000US25017383501","37600","6029","Census Tract 3835.01, Middlesex County, Massachusetts"
"1400000US25017383502","63793","12883","Census Tract 3835.02, Middlesex County, Massachusetts"
"1400000US25017383600","69554","9335","Census Tract 3836, Middlesex County, Massachusetts"
"1400000US25017383700","85500","7108","Census Tract 3837, Middlesex County, Massachusetts"
"1400000US25017383800","95324","12679","Census Tract 3838, Middlesex County, Massachusetts"
"1400000US25017383901","88830","10246","Census Tract 3839.01, Middlesex County, Massachusetts"
"1400000US25017383902","125820","17965","Census Tract 3839.02, Middlesex County, Massachusetts"
"1400000US25017384001","89659","58011","Census Tract 3840.01, Middlesex County, Massachusetts"
"1400000US25017384002","83109","15604","Census Tract 3840.02, Middlesex County, Massachusetts"
"1400000US25017385100","91893","17407","Census Tract 3851, Middlesex County, Massachusetts"
"1400000US25017385201","72708","17463","Census Tract 3852.01, Middlesex County, Massachusetts"
"1400000US25017385202","99570","10618","Census Tract 3852.02, Middlesex County, Massachusetts"
"1400000US25017386100","145250","22242","Census Tract 3861, Middlesex County, Massachusetts"
"1400000US25017387100","111755","9043","Census Tract 3871, Middlesex County, Massachusetts"
"1400000US25017387201","90132","13768","Census Tract 3872.01, Middlesex County, Massachusetts"
"1400000US25017387202","107679","18906","Census Tract 3872.02, Middlesex County, Massachusetts"
"1400000US25017388100","102222","11828","Census Tract 3881, Middlesex County, Massachusetts"
"1400000US25017388200","72598","11800","Census Tract 3882, Middlesex County, Massachusetts"
"1400000US25017388300","18002","3273","Census Tract 3883, Middlesex County, Massachusetts"
"1400000US25017980000","-","**","Census Tract 9800, Middlesex County, Massachusetts"
"1400000US25021400100","71667","19502","Census Tract 4001, Norfolk County, Massachusetts"
"1400000US25021400200","70489","12678","Census Tract 4002, Norfolk County, Massachusetts"
"1400000US25021400300","108109","13213","Census Tract 4003, Norfolk County, Massachusetts"
"1400000US25021400400","63125","17471","Census Tract 4004, Norfolk County, Massachusetts"
"1400000US25021400500","103906","19260","Census Tract 4005, Norfolk County, Massachusetts"
"1400000US25021400600","121673","27023","Census Tract 4006, Norfolk County, Massachusetts"
"1400000US25021400700","121983","13104","Census Tract 4007, Norfolk County, Massachusetts"
"1400000US25021400800","70083","23354","Census Tract 4008, Norfolk County, Massachusetts"
"1400000US25021400900","64948","10748","Census Tract 4009, Norfolk County, Massachusetts"
"1400000US25021401000","78026","19034","Census Tract 4010, Norfolk County, Massachusetts"
"1400000US25021401100","167833","21182","Census Tract 4011, Norfolk County, Massachusetts"
"1400000US25021401200","128993","15605","Census Tract 4012, Norfolk County, Massachusetts"
"1400000US25021402101","87071","8863","Census Tract 4021.01, Norfolk County, Massachusetts"
"1400000US25021402102","64811","8248","Census Tract 4021.02, Norfolk County, Massachusetts"
"1400000US25021402200","70625","15095","Census Tract 4022, Norfolk County, Massachusetts"
"1400000US25021402300","82972","18066","Census Tract 4023, Norfolk County, Massachusetts"
"1400000US25021402400","80911","9591","Census Tract 4024, Norfolk County, Massachusetts"
"1400000US25021402500","123438","20564","Census Tract 4025, Norfolk County, Massachusetts"
"1400000US25021403100","129240","23011","Census Tract 4031, Norfolk County, Massachusetts"
"1400000US25021403300","134966","29477","Census Tract 4033, Norfolk County, Massachusetts"
"1400000US25021403400","100259","10814","Census Tract 4034, Norfolk County, Massachusetts"
"1400000US25021403500","99212","12267","Census Tract 4035, Norfolk County, Massachusetts"
"1400000US25021404100","128625","18203","Census Tract 4041, Norfolk County, Massachusetts"
"1400000US25021404201","218667","34537","Census Tract 4042.01, Norfolk County, Massachusetts"
"1400000US25021404202","179792","66492","Census Tract 4042.02, Norfolk County, Massachusetts"
"1400000US25021404301","182500","33977","Census Tract 4043.01, Norfolk County, Massachusetts"
"1400000US25021404302","104365","6323","Census Tract 4043.02, Norfolk County, Massachusetts"
"1400000US25021404400","105903","24219","Census Tract 4044, Norfolk County, Massachusetts"
"1400000US25021405100","164583","26889","Census Tract 4051, Norfolk County, Massachusetts"
"1400000US25021406101","112375","15536","Census Tract 4061.01, Norfolk County, Massachusetts"
"1400000US25021406102","133070","16064","Census Tract 4061.02, Norfolk County, Massachusetts"
"1400000US25021407100","85472","9783","Census Tract 4071, Norfolk County, Massachusetts"
"1400000US25021408101","105417","5454","Census Tract 4081.01, Norfolk County, Massachusetts"
"1400000US25021408102","93966","7974","Census Tract 4081.02, Norfolk County, Massachusetts"
"1400000US25021409101","108750","17876","Census Tract 4091.01, Norfolk County, Massachusetts"
"1400000US25021409102","115343","11121","Census Tract 4091.02, Norfolk County, Massachusetts"
"1400000US25021410100","95118","10665","Census Tract 4101, Norfolk County, Massachusetts"
"1400000US25021410300","108077","11051","Census Tract 4103, Norfolk County, Massachusetts"
"1400000US25021410400","86121","8451","Census Tract 4104, Norfolk County, Massachusetts"
"1400000US25021411100","93009","7971","Census Tract 4111, Norfolk County, Massachusetts"
"1400000US25021411200","77708","13030","Census Tract 4112, Norfolk County, Massachusetts"
"1400000US25021411301","106219","10205","Census Tract 4113.01, Norfolk County, Massachusetts"
"1400000US25021411302","83309","17172","Census Tract 4113.02, Norfolk County, Massachusetts"
"1400000US25021412100","120859","17082","Census Tract 4121, Norfolk County, Massachusetts"
"1400000US25021412200","108646","16126","Census Tract 4122, Norfolk County, Massachusetts"
"1400000US25021412300","115526","13790","Census Tract 4123, Norfolk County, Massachusetts"
"1400000US25021413100","75640","9414","Census Tract 4131, Norfolk County, Massachusetts"
"1400000US25021413200","69076","9191","Census Tract 4132, Norfolk County, Massachusetts"
"1400000US25021413300","81167","4327","Census Tract 4133, Norfolk County, Massachusetts"
"1400000US25021413401","65861","8003","Census Tract 4134.01, Norfolk County, Massachusetts"
"1400000US25021413402","69018","14365","Census Tract 4134.02, Norfolk County, Massachusetts"
"1400000US25021413500","74630","10207","Census Tract 4135, Norfolk County, Massachusetts"
"1400000US25021414100","122340","11979","Census Tract 4141, Norfolk County, Massachusetts"
"1400000US25021414200","141479","7004","Census Tract 4142, Norfolk County, Massachusetts"
"1400000US25021414300","77888","12647","Census Tract 4143, Norfolk County, Massachusetts"
"1400000US25021415101","92438","8880","Census Tract 4151.01, Norfolk County, Massachusetts"
"1400000US25021415102","77352","11336","Census Tract 4151.02, Norfolk County, Massachusetts"
"1400000US25021415200","82083","22512","Census Tract 4152, Norfolk County, Massachusetts"
"1400000US25021415300","116667","16072","Census Tract 4153, Norfolk County, Massachusetts"
"1400000US25021416101","97766","9508","Census Tract 4161.01, Norfolk County, Massachusetts"
"1400000US25021416102","96397","25315","Census Tract 4161.02, Norfolk County, Massachusetts"
"1400000US25021416200","91813","8499","Census Tract 4162, Norfolk County, Massachusetts"
"1400000US25021416300","101042","11086","Census Tract 4163, Norfolk County, Massachusetts"
"1400000US25021416400","106548","14298","Census Tract 4164, Norfolk County, Massachusetts"
"1400000US25021417100","69631","6842","Census Tract 4171, Norfolk County, Massachusetts"
"1400000US25021417200","63229","10305","Census Tract 4172, Norfolk County, Massachusetts"
"1400000US25021417300","68304","27687","Census Tract 4173, Norfolk County, Massachusetts"
"1400000US25021417400","88306","8205","Census Tract 4174, Norfolk County, Massachusetts"
"1400000US25021417501","69028","11857","Census Tract 4175.01, Norfolk County, Massachusetts"
"1400000US25021417502","54982","4858","Census Tract 4175.02, Norfolk County, Massachusetts"
"1400000US25021417601","68913","14537","Census Tract 4176.01, Norfolk County, Massachusetts"
"1400000US25021417602","55083","15520","Census Tract 4176.02, Norfolk County, Massachusetts"
"1400000US25021417701","48089","9309","Census Tract 4177.01, Norfolk County, Massachusetts"
"1400000US25021417702","74430","14369","Census Tract 4177.02, Norfolk County, Massachusetts"
"1400000US25021417801","82641","11122","Census Tract 4178.01, Norfolk County, Massachusetts"
"1400000US25021417802","20786","3798","Census Tract 4178.02, Norfolk County, Massachusetts"
"1400000US25021417901","32699","8000","Census Tract 4179.01, Norfolk County, Massachusetts"
"1400000US25021417902","51155","8312","Census Tract 4179.02, Norfolk County, Massachusetts"
"1400000US25021418002","59321","7234","Census Tract 4180.02, Norfolk County, Massachusetts"
"1400000US25021418003","89441","10143","Census Tract 4180.03, Norfolk County, Massachusetts"
"1400000US25021418004","41193","10566","Census Tract 4180.04, Norfolk County, Massachusetts"
"1400000US25021418101","61681","13417","Census Tract 4181.01, Norfolk County, Massachusetts"
"1400000US25021418102","51410","12139","Census Tract 4181.02, Norfolk County, Massachusetts"
"1400000US25021418200","68698","5000","Census Tract 4182, Norfolk County, Massachusetts"
"1400000US25021419100","86724","9885","Census Tract 4191, Norfolk County, Massachusetts"
"1400000US25021419200","78646","12307","Census Tract 4192, Norfolk County, Massachusetts"
"1400000US25021419300","64133","13993","Census Tract 4193, Norfolk County, Massachusetts"
"1400000US25021419400","59621","20745","Census Tract 4194, Norfolk County, Massachusetts"
"1400000US25021419500","86690","12910","Census Tract 4195, Norfolk County, Massachusetts"
"1400000US25021419600","84510","9680","Census Tract 4196, Norfolk County, Massachusetts"
"1400000US25021419700","74324","7731","Census Tract 4197, Norfolk County, Massachusetts"
"1400000US25021419800","73750","5365","Census Tract 4198, Norfolk County, Massachusetts"
"1400000US25021420100","64313","9737","Census Tract 4201, Norfolk County, Massachusetts"
"1400000US25021420201","63375","15425","Census Tract 4202.01, Norfolk County, Massachusetts"
"1400000US25021420202","62854","12782","Census Tract 4202.02, Norfolk County, Massachusetts"
"1400000US25021420301","67500","11857","Census Tract 4203.01, Norfolk County, Massachusetts"
"1400000US25021420302","66397","11674","Census Tract 4203.02, Norfolk County, Massachusetts"
"1400000US25021421100","53622","7386","Census Tract 4211, Norfolk County, Massachusetts"
"1400000US25021421200","70951","7163","Census Tract 4212, Norfolk County, Massachusetts"
"1400000US25021422100","96141","16856","Census Tract 4221, Norfolk County, Massachusetts"
"1400000US25021422200","58962","7816","Census Tract 4222, Norfolk County, Massachusetts"
"1400000US25021422301","74286","11478","Census Tract 4223.01, Norfolk County, Massachusetts"
"1400000US25021422302","73217","9035","Census Tract 4223.02, Norfolk County, Massachusetts"
"1400000US25021422400","58260","7656","Census Tract 4224, Norfolk County, Massachusetts"
"1400000US25021422501","54861","7872","Census Tract 4225.01, Norfolk County, Massachusetts"
"1400000US25021422502","54229","10390","Census Tract 4225.02, Norfolk County, Massachusetts"
"1400000US25021422600","78421","10965","Census Tract 4226, Norfolk County, Massachusetts"
"1400000US25021422700","73250","13065","Census Tract 4227, Norfolk County, Massachusetts"
"1400000US25021422800","61527","2687","Census Tract 4228, Norfolk County, Massachusetts"
"1400000US25021423100","114214","16450","Census Tract 4231, Norfolk County, Massachusetts"
"1400000US25021440100","73645","4176","Census Tract 4401, Norfolk County, Massachusetts"
"1400000US25021441202","123125","20630","Census Tract 4412.02, Norfolk County, Massachusetts"
"1400000US25021441203","75788","11049","Census Tract 4412.03, Norfolk County, Massachusetts"
"1400000US25021441204","95552","12386","Census Tract 4412.04, Norfolk County, Massachusetts"
"1400000US25021442101","86471","11919","Census Tract 4421.01, Norfolk County, Massachusetts"
"1400000US25021442102","83654","7717","Census Tract 4421.02, Norfolk County, Massachusetts"
"1400000US25021442103","110293","8822","Census Tract 4421.03, Norfolk County, Massachusetts"
"1400000US25021442201","116161","32006","Census Tract 4422.01, Norfolk County, Massachusetts"
"1400000US25021442202","77361","10638","Census Tract 4422.02, Norfolk County, Massachusetts"
"1400000US25021443101","80682","7995","Census Tract 4431.01, Norfolk County, Massachusetts"
"1400000US25021443102","74417","10704","Census Tract 4431.02, Norfolk County, Massachusetts"
"1400000US25021456101","99732","27190","Census Tract 4561.01, Norfolk County, Massachusetts"
"1400000US25021456102","59877","16230","Census Tract 4561.02, Norfolk County, Massachusetts"
"1400000US25021456200","71750","15468","Census Tract 4562, Norfolk County, Massachusetts"
"1400000US25021456301","64173","6196","Census Tract 4563.01, Norfolk County, Massachusetts"
"1400000US25021456302","46855","4189","Census Tract 4563.02, Norfolk County, Massachusetts"
"1400000US25021456401","47418","20586","Census Tract 4564.01, Norfolk County, Massachusetts"
"1400000US25021456402","87308","14100","Census Tract 4564.02, Norfolk County, Massachusetts"
"1400000US25021457100","67313","14936","Census Tract 4571, Norfolk County, Massachusetts"
"1400000US25021457200","112361","17674","Census Tract 4572, Norfolk County, Massachusetts"
"1400000US25023500101","82428","13824","Census Tract 5001.01, Plymouth County, Massachusetts"
"1400000US25023500103","74227","8927","Census Tract 5001.03, Plymouth County, Massachusetts"
"1400000US25023500104","57470","7180","Census Tract 5001.04, Plymouth County, Massachusetts"
"1400000US25023501101","71205","4196","Census Tract 5011.01, Plymouth County, Massachusetts"
"1400000US25023501102","99269","11079","Census Tract 5011.02, Plymouth County, Massachusetts"
"1400000US25023501201","126319","15743","Census Tract 5012.01, Plymouth County, Massachusetts"
"1400000US25023501202","99750","9204","Census Tract 5012.02, Plymouth County, Massachusetts"
"1400000US25023502101","55593","8914","Census Tract 5021.01, Plymouth County, Massachusetts"
"1400000US25023502102","62231","6638","Census Tract 5021.02, Plymouth County, Massachusetts"
"1400000US25023502200","71075","5878","Census Tract 5022, Plymouth County, Massachusetts"
"1400000US25023503101","124583","12089","Census Tract 5031.01, Plymouth County, Massachusetts"
"1400000US25023503102","84331","8730","Census Tract 5031.02, Plymouth County, Massachusetts"
"1400000US25023504101","96250","14791","Census Tract 5041.01, Plymouth County, Massachusetts"
"1400000US25023504102","118125","17997","Census Tract 5041.02, Plymouth County, Massachusetts"
"1400000US25023505101","98480","21774","Census Tract 5051.01, Plymouth County, Massachusetts"
"1400000US25023505102","104125","18103","Census Tract 5051.02, Plymouth County, Massachusetts"
"1400000US25023505200","75170","13503","Census Tract 5052, Plymouth County, Massachusetts"
"1400000US25023506101","86005","13695","Census Tract 5061.01, Plymouth County, Massachusetts"
"1400000US25023506102","95700","20548","Census Tract 5061.02, Plymouth County, Massachusetts"
"1400000US25023506202","106102","6070","Census Tract 5062.02, Plymouth County, Massachusetts"
"1400000US25023506203","74091","12760","Census Tract 5062.03, Plymouth County, Massachusetts"
"1400000US25023506204","74786","17144","Census Tract 5062.04, Plymouth County, Massachusetts"
"1400000US25023507101","109394","7639","Census Tract 5071.01, Plymouth County, Massachusetts"
"1400000US25023507103","139643","19462","Census Tract 5071.03, Plymouth County, Massachusetts"
"1400000US25023507104","107604","14103","Census Tract 5071.04, Plymouth County, Massachusetts"
"1400000US25023508101","84907","14622","Census Tract 5081.01, Plymouth County, Massachusetts"
"1400000US25023508102","74205","5813","Census Tract 5081.02, Plymouth County, Massachusetts"
"1400000US25023508200","90564","12580","Census Tract 5082, Plymouth County, Massachusetts"
"1400000US25023509101","80668","14994","Census Tract 5091.01, Plymouth County, Massachusetts"
"1400000US25023509102","77014","5843","Census Tract 5091.02, Plymouth County, Massachusetts"
"1400000US25023510100","64741","5317","Census Tract 5101, Plymouth County, Massachusetts"
"1400000US25023510200","68902","10430","Census Tract 5102, Plymouth County, Massachusetts"
"1400000US25023510300","31102","6799","Census Tract 5103, Plymouth County, Massachusetts"
"1400000US25023510400","41977","11154","Census Tract 5104, Plymouth County, Massachusetts"
"1400000US25023510501","49091","9072","Census Tract 5105.01, Plymouth County, Massachusetts"
"1400000US25023510502","36151","5759","Census Tract 5105.02, Plymouth County, Massachusetts"
"1400000US25023510503","49011","5895","Census Tract 5105.03, Plymouth County, Massachusetts"
"1400000US25023510600","69844","9069","Census Tract 5106, Plymouth County, Massachusetts"
"1400000US25023510700","61416","7115","Census Tract 5107, Plymouth County, Massachusetts"
"1400000US25023510800","38665","6929","Census Tract 5108, Plymouth County, Massachusetts"
"1400000US25023510900","16042","3211","Census Tract 5109, Plymouth County, Massachusetts"
"1400000US25023511000","62308","9459","Census Tract 5110, Plymouth County, Massachusetts"
"1400000US25023511100","72606","7933","Census Tract 5111, Plymouth County, Massachusetts"
"1400000US25023511200","45802","10542","Census Tract 5112, Plymouth County, Massachusetts"
"1400000US25023511301","63859","8179","Census Tract 5113.01, Plymouth County, Massachusetts"
"1400000US25023511302","52700","17123","Census Tract 5113.02, Plymouth County, Massachusetts"
"1400000US25023511400","38864","5792","Census Tract 5114, Plymouth County, Massachusetts"
"1400000US25023511500","56053","16988","Census Tract 5115, Plymouth County, Massachusetts"
"1400000US25023511600","48456","3098","Census Tract 5116, Plymouth County, Massachusetts"
"1400000US25023511701","69118","15122","Census Tract 5117.01, Plymouth County, Massachusetts"
"1400000US25023511702","73333","9262","Census Tract 5117.02, Plymouth County, Massachusetts"
"1400000US25023520100","72690","13778","Census Tract 5201, Plymouth County, Massachusetts"
"1400000US25023520201","68938","11249","Census Tract 5202.01, Plymouth County, Massachusetts"
"1400000US25023520202","86115","7518","Census Tract 5202.02, Plymouth County, Massachusetts"
"1400000US25023521101","72802","9014","Census Tract 5211.01, Plymouth County, Massachusetts"
"1400000US25023521102","84635","5263","Census Tract 5211.02, Plymouth County, Massachusetts"
"1400000US25023521201","58718","9361","Census Tract 5212.01, Plymouth County, Massachusetts"
"1400000US25023521202","88170","11940","Census Tract 5212.02, Plymouth County, Massachusetts"
"1400000US25023522101","82403","7631","Census Tract 5221.01, Plymouth County, Massachusetts"
"1400000US25023522102","81500","4030","Census Tract 5221.02, Plymouth County, Massachusetts"
"1400000US25023523100","77905","9323","Census Tract 5231, Plymouth County, Massachusetts"
"1400000US25023523201","100313","19768","Census Tract 5232.01, Plymouth County, Massachusetts"
"1400000US25023523202","76765","7708","Census Tract 5232.02, Plymouth County, Massachusetts"
"1400000US25023524101","87143","12341","Census Tract 5241.01, Plymouth County, Massachusetts"
"1400000US25023524102","63482","10784","Census Tract 5241.02, Plymouth County, Massachusetts"
"1400000US25023525101","84400","12524","Census Tract 5251.01, Plymouth County, Massachusetts"
"1400000US25023525104","95539","4973","Census Tract 5251.04, Plymouth County, Massachusetts"
"1400000US25023525203","76523","3075","Census Tract 5252.03, Plymouth County, Massachusetts"
"1400000US25023525204","113531","5213","Census Tract 5252.04, Plymouth County, Massachusetts"
"1400000US25023525300","-","**","Census Tract 5253, Plymouth County, Massachusetts"
"1400000US25023526100","81855","5892","Census Tract 5261, Plymouth County, Massachusetts"
"1400000US25023530100","70481","8941","Census Tract 5301, Plymouth County, Massachusetts"
"1400000US25023530200","43885","13478","Census Tract 5302, Plymouth County, Massachusetts"
"1400000US25023530300","52910","7144","Census Tract 5303, Plymouth County, Massachusetts"
"1400000US25023530400","75599","8891","Census Tract 5304, Plymouth County, Massachusetts"
"1400000US25023530500","59535","14012","Census Tract 5305, Plymouth County, Massachusetts"
"1400000US25023530600","89632","12232","Census Tract 5306, Plymouth County, Massachusetts"
"1400000US25023530700","76545","9542","Census Tract 5307, Plymouth County, Massachusetts"
"1400000US25023530801","87566","12898","Census Tract 5308.01, Plymouth County, Massachusetts"
"1400000US25023530802","74604","10690","Census Tract 5308.02, Plymouth County, Massachusetts"
"1400000US25023530901","79388","10924","Census Tract 5309.01, Plymouth County, Massachusetts"
"1400000US25023530902","96910","13391","Census Tract 5309.02, Plymouth County, Massachusetts"
"1400000US25023540101","90194","11744","Census Tract 5401.01, Plymouth County, Massachusetts"
"1400000US25023540102","93214","27462","Census Tract 5401.02, Plymouth County, Massachusetts"
"1400000US25023540103","99146","9394","Census Tract 5401.03, Plymouth County, Massachusetts"
"1400000US25023541100","95022","10683","Census Tract 5411, Plymouth County, Massachusetts"
"1400000US25023542101","89792","9370","Census Tract 5421.01, Plymouth County, Massachusetts"
"1400000US25023542102","84000","13350","Census Tract 5421.02, Plymouth County, Massachusetts"
"1400000US25023542200","66840","6437","Census Tract 5422, Plymouth County, Massachusetts"
"1400000US25023542300","56833","9563","Census Tract 5423, Plymouth County, Massachusetts"
"1400000US25023543100","87917","8113","Census Tract 5431, Plymouth County, Massachusetts"
"1400000US25023544100","82917","7091","Census Tract 5441, Plymouth County, Massachusetts"
"1400000US25023544200","58250","11695","Census Tract 5442, Plymouth County, Massachusetts"
"1400000US25023545100","60396","12601","Census Tract 5451, Plymouth County, Massachusetts"
"1400000US25023545200","54863","7301","Census Tract 5452, Plymouth County, Massachusetts"
"1400000US25023545300","51662","8463","Census Tract 5453, Plymouth County, Massachusetts"
"1400000US25023545400","53349","5889","Census Tract 5454, Plymouth County, Massachusetts"
"1400000US25023560100","74877","12378","Census Tract 5601, Plymouth County, Massachusetts"
"1400000US25023561100","101006","9023","Census Tract 5611, Plymouth County, Massachusetts"
"1400000US25023561200","36484","14955","Census Tract 5612, Plymouth County, Massachusetts"
"1400000US25023990003","-","**","Census Tract 9900.03, Plymouth County, Massachusetts"
"1400000US25025000100","55179","6282","Census Tract 1, Suffolk County, Massachusetts"
"1400000US25025000201","68010","4442","Census Tract 2.01, Suffolk County, Massachusetts"
"1400000US25025000202","54151","16721","Census Tract 2.02, Suffolk County, Massachusetts"
"1400000US25025000301","87230","9018","Census Tract 3.01, Suffolk County, Massachusetts"
"1400000US25025000302","83357","19037","Census Tract 3.02, Suffolk County, Massachusetts"
"1400000US25025000401","42136","8699","Census Tract 4.01, Suffolk County, Massachusetts"
"1400000US25025000402","57530","9698","Census Tract 4.02, Suffolk County, Massachusetts"
"1400000US25025000502","51875","7217","Census Tract 5.02, Suffolk County, Massachusetts"
"1400000US25025000503","62083","10582","Census Tract 5.03, Suffolk County, Massachusetts"
"1400000US25025000504","39452","6600","Census Tract 5.04, Suffolk County, Massachusetts"
"1400000US25025000601","60343","7556","Census Tract 6.01, Suffolk County, Massachusetts"
"1400000US25025000602","25476","9934","Census Tract 6.02, Suffolk County, Massachusetts"
"1400000US25025000701","53083","13509","Census Tract 7.01, Suffolk County, Massachusetts"
"1400000US25025000703","19299","8828","Census Tract 7.03, Suffolk County, Massachusetts"
"1400000US25025000704","41606","4051","Census Tract 7.04, Suffolk County, Massachusetts"
"1400000US25025000802","36734","6532","Census Tract 8.02, Suffolk County, Massachusetts"
"1400000US25025000803","23429","4753","Census Tract 8.03, Suffolk County, Massachusetts"
"1400000US25025010103","16210","12621","Census Tract 101.03, Suffolk County, Massachusetts"
"1400000US25025010104","35262","12584","Census Tract 101.04, Suffolk County, Massachusetts"
"1400000US25025010203","35906","7302","Census Tract 102.03, Suffolk County, Massachusetts"
"1400000US25025010204","35023","8301","Census Tract 102.04, Suffolk County, Massachusetts"
"1400000US25025010300","26397","6891","Census Tract 103, Suffolk County, Massachusetts"
"1400000US25025010403","20365","7454","Census Tract 104.03, Suffolk County, Massachusetts"
"1400000US25025010404","17965","13732","Census Tract 104.04, Suffolk County, Massachusetts"
"1400000US25025010405","14188","2473","Census Tract 104.05, Suffolk County, Massachusetts"
"1400000US25025010408","44492","4328","Census Tract 104.08, Suffolk County, Massachusetts"
"1400000US25025010500","36017","10488","Census Tract 105, Suffolk County, Massachusetts"
"1400000US25025010600","68080","10050","Census Tract 106, Suffolk County, Massachusetts"
"1400000US25025010701","88438","21551","Census Tract 107.01, Suffolk County, Massachusetts"
"1400000US25025010702","91071","18314","Census Tract 107.02, Suffolk County, Massachusetts"
"1400000US25025010801","112284","52187","Census Tract 108.01, Suffolk County, Massachusetts"
"1400000US25025010802","85362","23541","Census Tract 108.02, Suffolk County, Massachusetts"
"1400000US25025020101","93244","11249","Census Tract 201.01, Suffolk County, Massachusetts"
"1400000US25025020200","54228","11335","Census Tract 202, Suffolk County, Massachusetts"
"1400000US25025020301","60347","16663","Census Tract 203.01, Suffolk County, Massachusetts"
"1400000US25025020302","62302","50206","Census Tract 203.02, Suffolk County, Massachusetts"
"1400000US25025020303","87244","26321","Census Tract 203.03, Suffolk County, Massachusetts"
"1400000US25025030100","53026","9374","Census Tract 301, Suffolk County, Massachusetts"
"1400000US25025030200","51909","5122","Census Tract 302, Suffolk County, Massachusetts"
"1400000US25025030300","106602","27163","Census Tract 303, Suffolk County, Massachusetts"
"1400000US25025030400","61157","11841","Census Tract 304, Suffolk County, Massachusetts"
"1400000US25025030500","82308","22996","Census Tract 305, Suffolk County, Massachusetts"
"1400000US25025040100","120250","29293","Census Tract 401, Suffolk County, Massachusetts"
"1400000US25025040200","51377","9838","Census Tract 402, Suffolk County, Massachusetts"
"1400000US25025040300","109028","14964","Census Tract 403, Suffolk County, Massachusetts"
"1400000US25025040401","70026","15228","Census Tract 404.01, Suffolk County, Massachusetts"
"1400000US25025040600","108060","24918","Census Tract 406, Suffolk County, Massachusetts"
"1400000US25025040801","32333","10491","Census Tract 408.01, Suffolk County, Massachusetts"
"1400000US25025050101","30274","7131","Census Tract 501.01, Suffolk County, Massachusetts"
"1400000US25025050200","51191","4696","Census Tract 502, Suffolk County, Massachusetts"
"1400000US25025050300","14505","2354","Census Tract 503, Suffolk County, Massachusetts"
"1400000US25025050400","46250","10389","Census Tract 504, Suffolk County, Massachusetts"
"1400000US25025050500","40929","10117","Census Tract 505, Suffolk County, Massachusetts"
"1400000US25025050600","41196","17088","Census Tract 506, Suffolk County, Massachusetts"
"1400000US25025050700","54479","6736","Census Tract 507, Suffolk County, Massachusetts"
"1400000US25025050901","39893","22761","Census Tract 509.01, Suffolk County, Massachusetts"
"1400000US25025051000","39559","10479","Census Tract 510, Suffolk County, Massachusetts"
"1400000US25025051101","51855","10829","Census Tract 511.01, Suffolk County, Massachusetts"
"1400000US25025051200","43954","3818","Census Tract 512, Suffolk County, Massachusetts"
"1400000US25025060101","70172","10604","Census Tract 601.01, Suffolk County, Massachusetts"
"1400000US25025060200","83398","10661","Census Tract 602, Suffolk County, Massachusetts"
"1400000US25025060301","80457","14625","Census Tract 603.01, Suffolk County, Massachusetts"
"1400000US25025060400","71711","12577","Census Tract 604, Suffolk County, Massachusetts"
"1400000US25025060501","89922","13875","Census Tract 605.01, Suffolk County, Massachusetts"
"1400000US25025060600","78750","11021","Census Tract 606, Suffolk County, Massachusetts"
"1400000US25025060700","17143","4241","Census Tract 607, Suffolk County, Massachusetts"
"1400000US25025060800","75814","10470","Census Tract 608, Suffolk County, Massachusetts"
"1400000US25025061000","26056","4853","Census Tract 610, Suffolk County, Massachusetts"
"1400000US25025061101","12429","5914","Census Tract 611.01, Suffolk County, Massachusetts"
"1400000US25025061200","66179","8155","Census Tract 612, Suffolk County, Massachusetts"
"1400000US25025070101","41786","13088","Census Tract 701.01, Suffolk County, Massachusetts"
"1400000US25025070200","18224","4837","Census Tract 702, Suffolk County, Massachusetts"
"1400000US25025070300","106337","24363","Census Tract 703, Suffolk County, Massachusetts"
"1400000US25025070402","16638","2003","Census Tract 704.02, Suffolk County, Massachusetts"
"1400000US25025070500","81331","27643","Census Tract 705, Suffolk County, Massachusetts"
"1400000US25025070600","87222","17050","Census Tract 706, Suffolk County, Massachusetts"
"1400000US25025070700","59048","24669","Census Tract 707, Suffolk County, Massachusetts"
"1400000US25025070800","45172","13193","Census Tract 708, Suffolk County, Massachusetts"
"1400000US25025070900","41364","11658","Census Tract 709, Suffolk County, Massachusetts"
"1400000US25025071101","42317","6733","Census Tract 711.01, Suffolk County, Massachusetts"
"1400000US25025071201","37098","10597","Census Tract 712.01, Suffolk County, Massachusetts"
"1400000US25025080100","46492","10622","Census Tract 801, Suffolk County, Massachusetts"
"1400000US25025080300","30362","7141","Census Tract 803, Suffolk County, Massachusetts"
"1400000US25025080401","15073","3095","Census Tract 804.01, Suffolk County, Massachusetts"
"1400000US25025080500","15481","5256","Census Tract 805, Suffolk County, Massachusetts"
"1400000US25025080601","18897","12227","Census Tract 806.01, Suffolk County, Massachusetts"
"1400000US25025080801","15588","2471","Census Tract 808.01, Suffolk County, Massachusetts"
"1400000US25025080900","33750","6710","Census Tract 809, Suffolk County, Massachusetts"
"1400000US25025081001","32835","8122","Census Tract 810.01, Suffolk County, Massachusetts"
"1400000US25025081100","46250","8850","Census Tract 811, Suffolk County, Massachusetts"
"1400000US25025081200","25472","6527","Census Tract 812, Suffolk County, Massachusetts"
"1400000US25025081300","16835","3183","Census Tract 813, Suffolk County, Massachusetts"
"1400000US25025081400","54718","17085","Census Tract 814, Suffolk County, Massachusetts"
"1400000US25025081500","45357","19352","Census Tract 815, Suffolk County, Massachusetts"
"1400000US25025081700","35781","13374","Census Tract 817, Suffolk County, Massachusetts"
"1400000US25025081800","45000","6377","Census Tract 818, Suffolk County, Massachusetts"
"1400000US25025081900","43853","7620","Census Tract 819, Suffolk County, Massachusetts"
"1400000US25025082000","41172","15267","Census Tract 820, Suffolk County, Massachusetts"
"1400000US25025082100","20700","5921","Census Tract 821, Suffolk County, Massachusetts"
"1400000US25025090100","30389","6598","Census Tract 901, Suffolk County, Massachusetts"
"1400000US25025090200","16055","2829","Census Tract 902, Suffolk County, Massachusetts"
"1400000US25025090300","16495","5027","Census Tract 903, Suffolk County, Massachusetts"
"1400000US25025090400","34659","6299","Census Tract 904, Suffolk County, Massachusetts"
"1400000US25025090600","44141","20123","Census Tract 906, Suffolk County, Massachusetts"
"1400000US25025090700","41750","9065","Census Tract 907, Suffolk County, Massachusetts"
"1400000US25025090901","30613","4154","Census Tract 909.01, Suffolk County, Massachusetts"
"1400000US25025091001","59345","8565","Census Tract 910.01, Suffolk County, Massachusetts"
"1400000US25025091100","61706","8131","Census Tract 911, Suffolk County, Massachusetts"
"1400000US25025091200","53657","9440","Census Tract 912, Suffolk County, Massachusetts"
"1400000US25025091300","30467","4410","Census Tract 913, Suffolk County, Massachusetts"
"1400000US25025091400","30938","13054","Census Tract 914, Suffolk County, Massachusetts"
"1400000US25025091500","42857","13144","Census Tract 915, Suffolk County, Massachusetts"
"1400000US25025091600","29632","13074","Census Tract 916, Suffolk County, Massachusetts"
"1400000US25025091700","47371","7325","Census Tract 917, Suffolk County, Massachusetts"
"1400000US25025091800","42368","21665","Census Tract 918, Suffolk County, Massachusetts"
"1400000US25025091900","30069","7610","Census Tract 919, Suffolk County, Massachusetts"
"1400000US25025092000","49342","9523","Census Tract 920, Suffolk County, Massachusetts"
"1400000US25025092101","42957","11996","Census Tract 921.01, Suffolk County, Massachusetts"
"1400000US25025092200","46618","8690","Census Tract 922, Suffolk County, Massachusetts"
"1400000US25025092300","36573","5537","Census Tract 923, Suffolk County, Massachusetts"
"1400000US25025092400","28597","9350","Census Tract 924, Suffolk County, Massachusetts"
"1400000US25025100100","26007","5923","Census Tract 1001, Suffolk County, Massachusetts"
"1400000US25025100200","46122","9607","Census Tract 1002, Suffolk County, Massachusetts"
"1400000US25025100300","44071","6764","Census Tract 1003, Suffolk County, Massachusetts"
"1400000US25025100400","47171","12145","Census Tract 1004, Suffolk County, Massachusetts"
"1400000US25025100500","41575","7502","Census Tract 1005, Suffolk County, Massachusetts"
"1400000US25025100601","51783","4406","Census Tract 1006.01, Suffolk County, Massachusetts"
"1400000US25025100603","60417","23464","Census Tract 1006.03, Suffolk County, Massachusetts"
"1400000US25025100700","66585","3976","Census Tract 1007, Suffolk County, Massachusetts"
"1400000US25025100800","56800","15463","Census Tract 1008, Suffolk County, Massachusetts"
"1400000US25025100900","57077","6892","Census Tract 1009, Suffolk County, Massachusetts"
"1400000US25025101001","66000","13785","Census Tract 1010.01, Suffolk County, Massachusetts"
"1400000US25025101002","39474","8753","Census Tract 1010.02, Suffolk County, Massachusetts"
"1400000US25025101101","53924","9135","Census Tract 1011.01, Suffolk County, Massachusetts"
"1400000US25025101102","37646","6882","Census Tract 1011.02, Suffolk County, Massachusetts"
"1400000US25025110103","56487","9713","Census Tract 1101.03, Suffolk County, Massachusetts"
"1400000US25025110201","53148","7808","Census Tract 1102.01, Suffolk County, Massachusetts"
"1400000US25025110301","83990","22440","Census Tract 1103.01, Suffolk County, Massachusetts"
"1400000US25025110401","46944","21680","Census Tract 1104.01, Suffolk County, Massachusetts"
"1400000US25025110403","59234","8368","Census Tract 1104.03, Suffolk County, Massachusetts"
"1400000US25025110501","90613","18004","Census Tract 1105.01, Suffolk County, Massachusetts"
"1400000US25025110502","50924","9405","Census Tract 1105.02, Suffolk County, Massachusetts"
"1400000US25025110601","100197","18077","Census Tract 1106.01, Suffolk County, Massachusetts"
"1400000US25025110607","82642","25048","Census Tract 1106.07, Suffolk County, Massachusetts"
"1400000US25025120103","147308","37588","Census Tract 1201.03, Suffolk County, Massachusetts"
"1400000US25025120104","63125","9275","Census Tract 1201.04, Suffolk County, Massachusetts"
"1400000US25025120105","143482","28231","Census Tract 1201.05, Suffolk County, Massachusetts"
"1400000US25025120201","60560","14264","Census Tract 1202.01, Suffolk County, Massachusetts"
"1400000US25025120301","59707","9002","Census Tract 1203.01, Suffolk County, Massachusetts"
"1400000US25025120400","84567","17295","Census Tract 1204, Suffolk County, Massachusetts"
"1400000US25025120500","49013","10466","Census Tract 1205, Suffolk County, Massachusetts"
"1400000US25025120600","82500","19265","Census Tract 1206, Suffolk County, Massachusetts"
"1400000US25025120700","58893","12182","Census Tract 1207, Suffolk County, Massachusetts"
"1400000US25025130100","71213","10884","Census Tract 1301, Suffolk County, Massachusetts"
"1400000US25025130200","90655","16511","Census Tract 1302, Suffolk County, Massachusetts"
"1400000US25025130300","90313","17029","Census Tract 1303, Suffolk County, Massachusetts"
"1400000US25025130402","73217","4817","Census Tract 1304.02, Suffolk County, Massachusetts"
"1400000US25025130404","72396","25832","Census Tract 1304.04, Suffolk County, Massachusetts"
"1400000US25025130406","33600","3713","Census Tract 1304.06, Suffolk County, Massachusetts"
"1400000US25025140102","64732","14380","Census Tract 1401.02, Suffolk County, Massachusetts"
"1400000US25025140105","74853","11023","Census Tract 1401.05, Suffolk County, Massachusetts"
"1400000US25025140106","30417","9467","Census Tract 1401.06, Suffolk County, Massachusetts"
"1400000US25025140107","47297","12357","Census Tract 1401.07, Suffolk County, Massachusetts"
"1400000US25025140201","54000","18014","Census Tract 1402.01, Suffolk County, Massachusetts"
"1400000US25025140202","63792","8398","Census Tract 1402.02, Suffolk County, Massachusetts"
"1400000US25025140300","49524","11869","Census Tract 1403, Suffolk County, Massachusetts"
"1400000US25025140400","59036","8814","Census Tract 1404, Suffolk County, Massachusetts"
"1400000US25025160101","42454","12289","Census Tract 1601.01, Suffolk County, Massachusetts"
"1400000US25025160200","35000","9550","Census Tract 1602, Suffolk County, Massachusetts"
"1400000US25025160300","52985","13927","Census Tract 1603, Suffolk County, Massachusetts"
"1400000US25025160400","27560","14059","Census Tract 1604, Suffolk County, Massachusetts"
"1400000US25025160501","36593","4846","Census Tract 1605.01, Suffolk County, Massachusetts"
"1400000US25025160502","32236","14885","Census Tract 1605.02, Suffolk County, Massachusetts"
"1400000US25025160601","55163","7362","Census Tract 1606.01, Suffolk County, Massachusetts"
"1400000US25025160602","43343","6063","Census Tract 1606.02, Suffolk County, Massachusetts"
"1400000US25025170100","50357","4642","Census Tract 1701, Suffolk County, Massachusetts"
"1400000US25025170200","58710","9958","Census Tract 1702, Suffolk County, Massachusetts"
"1400000US25025170300","65417","7930","Census Tract 1703, Suffolk County, Massachusetts"
"1400000US25025170400","41829","9825","Census Tract 1704, Suffolk County, Massachusetts"
"1400000US25025170501","37604","10214","Census Tract 1705.01, Suffolk County, Massachusetts"
"1400000US25025170502","48019","8597","Census Tract 1705.02, Suffolk County, Massachusetts"
"1400000US25025170601","46250","10120","Census Tract 1706.01, Suffolk County, Massachusetts"
"1400000US25025170701","42695","11313","Census Tract 1707.01, Suffolk County, Massachusetts"
"1400000US25025170702","58175","10723","Census Tract 1707.02, Suffolk County, Massachusetts"
"1400000US25025170800","50453","7695","Census Tract 1708, Suffolk County, Massachusetts"
"1400000US25025180101","55341","9274","Census Tract 1801.01, Suffolk County, Massachusetts"
"1400000US25025180200","63425","13628","Census Tract 1802, Suffolk County, Massachusetts"
"1400000US25025180301","90778","27185","Census Tract 1803.01, Suffolk County, Massachusetts"
"1400000US25025180400","68994","20618","Census Tract 1804, Suffolk County, Massachusetts"
"1400000US25025180500","70444","15408","Census Tract 1805, Suffolk County, Massachusetts"
"1400000US25025980101","-","**","Census Tract 9801.01, Suffolk County, Massachusetts"
"1400000US25025980300","-","**","Census Tract 9803, Suffolk County, Massachusetts"
"1400000US25025980700","-","**","Census Tract 9807, Suffolk County, Massachusetts"
"1400000US25025981000","-","**","Census Tract 9810, Suffolk County, Massachusetts"
"1400000US25025981100","-","**","Census Tract 9811, Suffolk County, Massachusetts"
"1400000US25025981201","-","**","Census Tract 9812.01, Suffolk County, Massachusetts"
"1400000US25025981202","-","**","Census Tract 9812.02, Suffolk County, Massachusetts"
"1400000US25025981300","73625","36158","Census Tract 9813, Suffolk County, Massachusetts"
"1400000US25025981501","-","**","Census Tract 9815.01, Suffolk County, Massachusetts"
"1400000US25025981502","-","**","Census Tract 9815.02, Suffolk County, Massachusetts"
"1400000US25025981600","-","**","Census Tract 9816, Suffolk County, Massachusetts"
"1400000US25025981700","-","**","Census Tract 9817, Suffolk County, Massachusetts"
"1400000US25025981800","218419","163605","Census Tract 9818, Suffolk County, Massachusetts"
"1400000US25025990101","25862","5675","Census Tract 9901.01, Suffolk County, Massachusetts"
